ERS2227367	CLR_Sequel
ERS2227382	CLR_Sequel
ERS2227386	CLR_Sequel
ERS2227473	CLR_Sequel
ERS2580766	CLR_Sequel
ERS2699787	CLR_Sequel
ERS2760315	CLR_Sequel
ERS3116761	CLR_Sequel
ERS3147220	CLR_Sequel
ERS3171745	CLR_Sequel
ERS3189059	CLR_Sequel
ERS3203796	CLR_Sequel
ERS3268290	CLR_Sequel
ERS3378290	CLR_Sequel
ERS3500634	CLR_Sequel
ERS3513902	CLR_Sequel
ERS3514420	CLR_Sequel
ERS3549782	CLR_Sequel
ERS3567199	CLR_Sequel
ERS3567200	CLR_Sequel
ERS3567209	CLR_Sequel
ERS3567211	CLR_Sequel
ERS3583622	CLR_Sequel
ERS3583638	CLR_Sequel
ERS3615885	CLR_Sequel
ERS3701069	CLR_Sequel
ERS3701070	CLR_Sequel
ERS3701071	CLR_Sequel
ERS3734118	CLR_Sequel
ERS5917499	CLR_Sequel II
SRS11194276	CLR_Sequel II
SRS12977579	HiFi_Sequel II
SRS16702801	HiFi_Sequel II
SRS18387290	CLR_Sequel II
SRS18387422	CLR_Sequel II
SRS18387423	HiFi_Sequel II
SRS18387424	CLR_Sequel II
SRS18388105	HiFi_Sequel II
SRS18388510	CLR_Sequel II
SRS18391120	CLR_Sequel II
SRS18391197	CLR_Sequel II
SRS18391974	CLR_Sequel II
SRS18392123	CLR_Sequel II
SRS18622707	CLR_Sequel II
SRS18622751	CLR_Sequel II
SRS18622764	HiFi_Sequel II
SRS18623166	CLR_Sequel II
SRS18625225	CLR_Sequel II
SRS18670860	CLR_Sequel II
SRS18671020	CLR_Sequel II
SRS18671806	CLR_Sequel II
SRS18671885	CLR_Sequel II
SRS18673187	HiFi_Sequel II
SRS18685773	CLR_Sequel II
SRS18687178	CLR_Sequel II
SRS18687383	CLR_Sequel II
SRS18688280	CLR_Sequel II
SRS18688324	CLR_Sequel II
SRS18688442	CLR_Sequel II
SRS18688455	CLR_Sequel II
SRS18688459	CLR_Sequel II
SRS18688464	CLR_Sequel II
SRS18688465	CLR_Sequel II
SRS18688466	HiFi_Sequel II
SRS18688503	CLR_Sequel II
SRS18688724	CLR_Sequel II
SRS18689089	CLR_Sequel II
SRS18690682	HiFi_Sequel II
SRS18691296	HiFi_Sequel II
SRS18691297	HiFi_Sequel II
SRS18691430	HiFi_Sequel II
SRS18698473	CLR_Sequel II
SRS18698474	CLR_Sequel II
SRS18698475	CLR_Sequel II
SRS18698677	CLR_Sequel II
SRS18698731	CLR_Sequel II
SRS18698838	CLR_Sequel II
SRS18698839	CLR_Sequel II
SRS18698840	CLR_Sequel II
SRS18698910	CLR_Sequel II
SRS18698971	HiFi_Sequel II
SRS18698972	CLR_Sequel II
SRS18698984	CLR_Sequel II
SRS18699572	CLR_Sequel II
SRS18700101	CLR_Sequel II
SRS18700170	CLR_Sequel II
SRS18701202	CLR_Sequel II
SRS18702569	CLR_Sequel II
SRS18702625	HiFi_Sequel II
SRS18703246	CLR_Sequel II
SRS18703510	CLR_Sequel II
SRS18703581	CLR_Sequel II
SRS18703584	CLR_Sequel II
SRS18705600	CLR_Sequel II
SRS18705814	CLR_Sequel II
SRS18706220	CLR_Sequel II
SRS18706227	CLR_Sequel II
SRS18706229	CLR_Sequel II
SRS18706230	CLR_Sequel II
SRS18707617	CLR_Sequel II
SRS18707787	CLR_Sequel II
SRS18708107	HiFi_Sequel II
SRS19335846	HiFi_Sequel II
SRS19335847	HiFi_Sequel II
SRS20361216	CLR_Sequel II
SRS20361217	CLR_Sequel II
SRS20361218	CLR_Sequel II
SRS20361228	CLR_Sequel II
SRS20621690	CLR_Sequel II
SRS20636215	HiFi_Sequel II
SRS20796967	CLR_Sequel II
SRS20814929	CLR_Sequel II
SRS20912660	HiFi_Revio
SRS20951933	HiFi_Sequel II
SRS21073825	HiFi_Sequel II
SRS21074085	HiFi_Sequel II
SRS21325765	HiFi_Sequel II
SRS21399688	HiFi_Sequel II
SRS21532263	HiFi_Sequel II
SRS21630863	HiFi_Sequel II
SRS22034062	HiFi_Revio
SRS22089914	HiFi_Revio
SRS22091781	HiFi_Revio
SRS22092194	HiFi_Sequel II
SRS22092787	HiFi_Sequel II
SRS22095216	HiFi_Sequel II
SRS22097845	HiFi_Sequel II
SRS22099175	HiFi_Sequel II
SRS22127337	HiFi_Revio
SRS22136032	HiFi_Sequel II
SRS22136710	HiFi_Sequel II
SRS22136747	HiFi_Sequel II
SRS22136854	HiFi_Sequel II
SRS22161852	HiFi_Revio
SRS22162627	HiFi_Revio
SRS22162649	HiFi_Sequel II
SRS22162650	HiFi_Revio
SRS22165637	HiFi_Sequel II
SRS22167509	HiFi_Sequel II
SRS22177699	HiFi_Sequel II
SRS22178101	HiFi_Sequel II
SRS22219854	HiFi_Sequel II
SRS22255942	HiFi_Sequel II
SRS22258962	HiFi_Sequel II
SRS22259025	HiFi_Sequel II
SRS22260196	HiFi_Sequel II
SRS22269748	HiFi_Sequel II
SRS22270863	HiFi_Sequel II
SRS22271563	HiFi_Sequel II
SRS22286734	HiFi_Revio
SRS22289212	HiFi_Sequel II
SRS22326089	HiFi_Sequel II
SRS22331154	HiFi_Sequel II
SRS22332403	HiFi_Sequel II
SRS22342674	HiFi_Sequel II
SRS22396567	HiFi_Sequel II
SRS22397789	HiFi_Sequel II
SRS22398101	HiFi_Sequel II
SRS22399813	HiFi_Sequel II
SRS22400393	HiFi_Sequel II
SRS22403591	HiFi_Sequel II
SRS22403596	HiFi_Sequel II
SRS22403630	HiFi_Sequel II
SRS22419235	HiFi_Sequel II
SRS22448716	HiFi_Sequel II
SRS22448717	HiFi_Sequel II
SRS22449079	HiFi_Sequel II
SRS22449080	HiFi_Sequel II
SRS22449081	HiFi_Sequel II
SRS23022192	HiFi_Revio
SRS6014674	CLR_Sequel II
SRS6121272	CLR_Sequel II
SRS6502248	CLR_Sequel II
SRS6571162	CLR_Sequel
SRS6618859	CLR_Sequel
SRS6620782	CLR_Sequel
SRS6645959	CLR_Sequel
SRS6649054	CLR_Sequel
SRS8103732	CLR_Sequel II
SRS917918	CLR_Sequel II
