SRS	Platform
ERS2227367	Sequel_CLR
ERS2227382	Sequel_CLR
ERS2227386	Sequel_CLR
ERS2227473	Sequel_CLR
ERS2580766	Sequel_CLR
ERS2699787	Sequel_CLR
ERS2760315	Sequel_CLR
ERS3116761	Sequel_CLR
ERS3147220	Sequel_CLR
ERS3171745	Sequel_CLR
ERS3189059	Sequel_CLR
ERS3203796	Sequel_CLR
ERS3268290	Sequel_CLR
ERS3378290	Sequel_CLR
ERS3500634	Sequel_CLR
ERS3513902	Sequel_CLR
ERS3514420	Sequel_CLR
ERS3549782	Sequel_CLR
ERS3567197	Sequel_CLR
ERS3567199	Sequel_CLR
ERS3567200	Sequel_CLR
ERS3567209	Sequel_CLR
ERS3567211	Sequel_CLR
ERS3583622	Sequel_CLR
ERS3583638	Sequel_CLR
ERS3615885	Sequel_CLR
ERS3701069	Sequel_CLR
ERS3701070	Sequel_CLR
ERS3701071	Sequel_CLR
ERS3734118	Sequel_CLR
ERS4354975	Sequel II_HiFi
ERS5917499	Sequel II_CLR
ERS6428380	Sequel II_HiFi
ERS6428385	Sequel II_HiFi
ERS6484570	Sequel II_HiFi
SRS10850813	Sequel II_HiFi
SRS11194276	Sequel II_CLR
SRS12953177	Sequel II_HiFi
SRS12977579	Sequel II_HiFi
SRS16702801	Sequel II_HiFi
SRS18002895	Sequel II_HiFi
SRS18387290	Sequel II_CLR
SRS18387422	Sequel II_CLR
SRS18387423	Sequel II_HiFi
SRS18387424	Sequel II_CLR
SRS18388105	Sequel II_HiFi
SRS18388114	Sequel II_CLR
SRS18388510	Sequel II_CLR
SRS18391120	Sequel II_CLR
SRS18391197	Sequel II_CLR
SRS18391974	Sequel II_CLR
SRS18392123	Sequel II_CLR
SRS18622706	Sequel II_CLR
SRS18622707	Sequel II_CLR
SRS18622751	Sequel II_CLR
SRS18622764	Sequel II_HiFi
SRS18623166	Sequel II_CLR
SRS18625225	Sequel II_CLR
SRS18670860	Sequel II_CLR
SRS18671020	Sequel II_CLR
SRS18671806	Sequel II_CLR
SRS18671885	Sequel II_CLR
SRS18673187	Sequel II_HiFi
SRS18685773	Sequel II_CLR
SRS18687178	Sequel II_CLR
SRS18687383	Sequel II_CLR
SRS18688280	Sequel II_CLR
SRS18688324	Sequel II_CLR
SRS18688442	Sequel II_CLR
SRS18688455	Sequel II_CLR
SRS18688459	Sequel II_CLR
SRS18688464	Sequel II_CLR
SRS18688465	Sequel II_CLR
SRS18688466	Sequel II_HiFi
SRS18688503	Sequel II_CLR
SRS18688724	Sequel II_CLR
SRS18689089	Sequel II_CLR
SRS18690681	Sequel II_HiFi
SRS18690682	Sequel II_HiFi
SRS18691296	Sequel II_HiFi
SRS18691297	Sequel II_HiFi
SRS18691430	Sequel II_HiFi
SRS18698473	Sequel II_CLR
SRS18698474	Sequel II_CLR
SRS18698475	Sequel II_CLR
SRS18698677	Sequel II_CLR
SRS18698731	Sequel II_CLR
SRS18698838	Sequel II_CLR
SRS18698839	Sequel II_CLR
SRS18698840	Sequel II_CLR
SRS18698910	Sequel II_CLR
SRS18698971	Sequel II_HiFi
SRS18698972	Sequel II_CLR
SRS18698973	Sequel II_HiFi
SRS18698984	Sequel II_CLR
SRS18699572	Sequel II_CLR
SRS18699827	Sequel II_CLR
SRS18700101	Sequel II_CLR
SRS18700170	Sequel II_CLR
SRS18701202	Sequel II_CLR
SRS18701668	Sequel II_HiFi
SRS18702569	Sequel II_CLR
SRS18702625	Sequel II_HiFi
SRS18703246	Sequel II_CLR
SRS18703510	Sequel II_CLR
SRS18703581	Sequel II_CLR
SRS18703584	Sequel II_CLR
SRS18703886	Sequel II_CLR
SRS18705600	Sequel II_CLR
SRS18705814	Sequel II_CLR
SRS18706055	Sequel II_CLR
SRS18706220	Sequel II_CLR
SRS18706227	Sequel II_CLR
SRS18706229	Sequel II_CLR
SRS18706230	Sequel II_CLR
SRS18707617	Sequel II_CLR
SRS18707622	Sequel II_HiFi
SRS18707787	Sequel II_CLR
SRS18708107	Sequel II_HiFi
SRS19335844	Sequel II_HiFi
SRS19335845	Sequel II_HiFi
SRS19335846	Sequel II_HiFi
SRS19335847	Sequel II_HiFi
SRS20361216	Sequel II_CLR
SRS20361217	Sequel II_CLR
SRS20361218	Sequel II_CLR
SRS20361228	Sequel II_CLR
SRS20621690	Sequel II_CLR
SRS20636215	Sequel II_HiFi
SRS20796967	Sequel II_CLR
SRS20814929	Sequel II_CLR
SRS20951933	Sequel II_HiFi
SRS21011562	Sequel IIe_HiFi
SRS21073825	Sequel II_HiFi
SRS21073965	Sequel II_HiFi
SRS21074085	Sequel II_HiFi
SRS21325765	Sequel II_HiFi
SRS21326203	Sequel II_HiFi
SRS21399688	Sequel II_HiFi
SRS21532263	Sequel II_HiFi
SRS21630863	Sequel II_HiFi
SRS22034062	Revio_HiFi
SRS22089914	Revio_HiFi
SRS22091781	Revio_HiFi
SRS22092194	Sequel II_HiFi
SRS22092787	Sequel II_HiFi
SRS22095216	Sequel II_HiFi
SRS22096546	Sequel II_HiFi
SRS22097845	Sequel II_HiFi
SRS22099175	Sequel II_HiFi
SRS22127337	Revio_HiFi
SRS22136032	Sequel II_HiFi
SRS22136710	Sequel II_HiFi
SRS22136747	Sequel II_HiFi
SRS22136854	Sequel II_HiFi
SRS22161852	Revio_HiFi
SRS22162627	Revio_HiFi
SRS22162649	Sequel II_HiFi
SRS22162650	Revio_HiFi
SRS22164953	Sequel II_HiFi
SRS22165628	Sequel II_HiFi
SRS22165637	Sequel II_HiFi
SRS22167509	Sequel II_HiFi
SRS22175712	Sequel II_HiFi
SRS22177699	Sequel II_HiFi
SRS22178101	Sequel II_HiFi
SRS22219854	Sequel II_HiFi
SRS22255942	Sequel II_HiFi
SRS22256921	Sequel II_HiFi
SRS22258962	Sequel II_HiFi
SRS22259025	Sequel II_HiFi
SRS22260196	Sequel II_HiFi
SRS22269748	Sequel II_HiFi
SRS22270863	Sequel II_HiFi
SRS22271563	Sequel II_HiFi
SRS22286734	Revio_HiFi
SRS22289212	Sequel II_HiFi
SRS22289852	Sequel II_HiFi
SRS22326089	Sequel II_HiFi
SRS22331154	Sequel II_HiFi
SRS22332403	Sequel II_HiFi
SRS22342674	Sequel II_HiFi
SRS22396567	Sequel IIe_HiFi
SRS22397789	Sequel II_HiFi
SRS22398101	Sequel II_HiFi
SRS22398861	Sequel II_HiFi
SRS22399813	Sequel II_HiFi
SRS22400393	Sequel II_HiFi
SRS22402101	Sequel II_HiFi
SRS22403591	Sequel II_HiFi
SRS22403596	Sequel II_HiFi
SRS22403630	Sequel II_HiFi
SRS22419235	Sequel II_HiFi
SRS22448716	Sequel II_HiFi
SRS22448717	Sequel II_HiFi
SRS22449079	Sequel II_HiFi
SRS22449080	Sequel II_HiFi
SRS22449081	Sequel II_HiFi
SRS23022192	Revio_HiFi
SRS5172551	Sequel II_CLR
SRS6571162	Sequel_CLR
SRS6618859	Sequel_CLR
SRS6620782	Sequel_CLR
SRS6645959	Sequel_CLR
SRS6649054	Sequel_CLR
SRS8103732	Sequel II_CLR
SRS917918	Sequel II_CLR